Source,Target
eb11a1f8-c8fb-4492-b727-952f6686446e,0
56fc0193-c8c1-49b3-a003-d504e3760045,0
c05dce96-787e-47ea-994a-14926f8d5efb,0
fec4228b-0d7f-4142-adad-ea523f59b691,0
af76a72a-5abd-410f-bf09-e541f6d83248,0
1049d701-8783-4a63-b8c2-85747d8ce5f7,0
cb33a1a1-dddb-4159-8da9-ee170c78e232,0
6c1cd7cd-c0d9-4adc-8eaf-ec2fa028d647,0
2d5b1a99-b7be-4283-945e-a4c01a0ecbca,0
efb02957-4821-4570-9d55-12fd16bb7158,0
b73dfaf6-27be-4c2e-b50d-c0c43439d017,0
ce564df6-695f-48c9-b352-72603c11fc99,0
ae39608d-f2f5-4b9e-863b-80690871aadc,0
23ced8e2-a177-4cff-9fc4-f2bca4b9fd2f,0
870b9922-955f-4ff3-91db-597bb6c02dc0,0
89584487-aef7-4e3c-89d7-044e98c203d8,0
e9eec3b9-2c69-412f-8106-ac40c0b63222,0
1832c67d-a337-483f-8114-ba38b7cf8b87,0
cff4be08-4963-44c3-8f05-e684fa4952f5,0
5b407446-b916-46a7-b83d-57752bf3547d,0
a9d01033-8852-404e-884e-e6b1a9f4b74b,0
44676317-9495-4346-9354-546fad048f37,0
d6015fb8-8d94-4118-917e-310768c86326,0
a9771874-fff0-4b3b-a14a-072c546e1883,0
2137176c-a2e8-4a2a-b49f-0f1d0f0a712d,0
1a70a134-bf00-4428-85a2-9d04c242c32e,0
ee58023b-c656-43db-ba09-a528d7acdf96,0
c3d9855e-3114-4146-ab97-ec467c0fb0dd,0
9f4b1a87-896d-4651-89c5-a355cb075648,0
1649a03f-bee1-47ea-b2c7-d82b96eac9c8,0
7aec672e-d565-4d7b-8495-97281ce30628,0
536a174c-ec2b-4fa2-8527-11c9880ef901,0
ac72a7c8-b34f-4c0e-adca-6892b111bc8a,0
b52f6c7c-f486-416c-a439-ce413549fbc5,0
897073a2-341a-4121-9ce2-04d4eb105c81,0
db6498c3-6d4e-4d73-9a9c-6724658963ef,0
7c3a91cb-c8c0-4b32-ba59-450aecdf22c6,0
064f625a-8ea7-42d5-9680-832bbd7d361b,0
71780cdc-d84a-443f-8466-0c4082a63142,0
e993b5c6-f54c-45bc-90e3-09d0272d42a3,0
70d45880-22c2-48f9-aa15-eb02a2edddbd,0
579f0cbb-db71-4013-8b5e-1bc6a6742aab,0
2c9d4068-f860-4bad-8ae3-88ee7f2c2499,0
daffe6e1-2d35-4afc-a0c0-83a1a60eb419,0
a3fc7653-620e-4dd7-bab9-4625d962513a,0
bf997b5d-b731-4e60-8fdb-4959730589bb,0
0add0ae2-2902-4d6a-870b-006b0dad5caa,0
2a0cc8cd-1236-436b-a066-ca9f30917a01,0
b6663b37-d137-4e74-8117-679f30c9c2e1,0
026cd993-e5cc-4fee-bd3b-d87d89b03e18,0
1c9e1712-139a-4d04-b201-998d8f50e3d0,0
4f65a4e8-b867-4562-9c0a-a0c712c0597a,0
aa07b6b2-b766-4077-a1e0-31436135ef39,0
5c423e56-df80-452e-ad73-f67b73aef55b,0
53629dc6-9b8d-4850-aa69-b70cdffb4466,0
c3386ddc-2791-465f-ab6e-e0ff011d02c8,0
05b6926f-bfd9-41f0-ace7-96cfefc64678,0
8996cda1-f00f-44c4-adce-56d843b30836,0
10b6c78a-e932-450c-b07a-d4845f68817c,0
557af41a-7878-41d0-aee9-85f922af5ce4,0
4de21c8e-1022-4938-aaae-79faea032d22,0
e66aca67-242e-466f-85ef-3139b7661c03,0
8ddf515d-b582-4932-bcdc-9278cdfaf567,0
b7cf83e0-e871-4fdf-a25c-c5ed5407910e,0
bd741879-52ef-4863-85f9-5bd82cc0640b,0
bd9b1282-1cc9-49cb-813e-2269ba86f723,0
610594fc-612a-4781-8b27-ad48fbd6275d,0
8f210941-8a01-46ee-ad0e-77f50faf1e04,0
b58f8518-4f4b-4055-9ca1-55c6e05bb24a,0
63acb39c-24e2-4bb5-beea-9767cda630d5,0
a26f2c94-e299-4093-a9cd-bb507a02dd60,0
ff57d82a-0d35-4215-bdf3-712154c18fd7,0
46bcf53a-f8e4-49bc-aa83-842def7c4bd7,0
146fd543-ba0b-4af5-8c02-93e4e7aba179,0
8e25bbec-6985-4cd3-b44c-1b1a13fad166,0
675a9dcd-b861-4798-8500-a99aac6b4b7d,0
e2bea4ff-c3fd-42ad-8d5d-254c1631a5b4,0
4e9427d5-8257-4aa4-934f-47055786f746,0
4cc8880c-5f50-4cd9-a5d9-645371c4da0c,0
d859a36f-3a0f-45da-b2f0-cadd89af2415,0
02d26722-7395-445a-a5c0-0bcdce72b8be,0
b121ff74-7d5f-4f41-b1f3-502f5e42bb51,0
00c5ac15-085d-4453-b01c-4b826ba868f3,0
4c0433d6-79ca-4c2b-962d-07a841fde12b,0
904f517e-2f2f-4d91-a3c8-29db04dbadac,0
a15949fa-c2af-4c88-a00e-93f5d3c9d8a8,0
07950591-74e7-4572-9a05-df88ff4eb9b9,0
b98232a4-9cfd-4fc4-a879-8ccec12ffede,0
9ed4a559-7c91-43de-8ef5-5077c6e78c4c,0
8a839399-c7ce-45e8-bb26-daf385e77ea8,0
1f074d5c-df9f-4ad7-a937-55e18d870fb2,0
dbf72829-0a17-4d05-aa00-a30fdb1c6aa8,0
0652baf5-1968-4e7c-83fa-339f8625e45c,0
03df51bd-d489-4bff-aaa2-0c9274368f08,0
320b774c-2b91-45ab-a74e-75fde18defa0,0
3b021e4c-82a3-4561-860c-10a0a13adf92,0
163a375c-e9b7-48e6-9587-c63d3d4852a3,0
8093d054-a918-45e4-816b-6b055d894286,0
31d8ded2-ad2c-4950-a8cd-1d6161ba4883,0
c910648a-80a8-49e6-a55a-1759c5a936a3,0
d6db75b3-4eed-4b4f-9686-bb4879ee0dbd,0
b4e0627b-a5cf-46fe-bac2-dec80dfa8099,0
77cf8362-4fe7-4ff4-a18f-c4a1d3601be5,0
77ec05a9-1b08-4be6-8322-d4b5920cbe43,0
048da8f4-de94-4d2c-92b4-d818baf86b11,0
f073d637-b74e-4ad9-901b-e5b552e12248,0
704ac7fb-4ebd-4224-ae4d-139477bbfde9,0
cc4f876f-3a4c-4fac-a558-ec5297ecd2e5,0
8b2fe472-68a9-4457-aa8a-9fa39166e7d2,0
b2fd7a27-06e9-4125-89ab-408047a28aaa,0
84a36d35-2497-408d-96b0-e2ed719fd570,0
9415432b-216c-4d68-b413-b997499a2e30,0
49ff54d2-2b04-450a-a284-d87569eb265f,0
50071e89-225f-43dc-a827-d2c6bf187159,0
e196fb3a-1823-4d74-a836-9706cf226e8e,0
de3d14e6-eb60-4818-8747-12dd00bbd221,0
b0b93232-afe4-4ee3-9e2c-8a2f235f6ffb,0
44388b82-e07d-49cc-b0e8-0dd048a8a7f3,0
c61052ba-ea9e-4322-af40-f55e2c41f67c,0
d597bea3-30dc-4421-ad1b-321b829c0f78,0
e9d88cab-8668-4f0e-abef-885438df8d27,0
3032b091-5f74-499e-96f6-285619c1a882,0
66403c4c-023d-484b-9c85-2dffa1c7f12b,0
15e4839f-998a-437b-8757-85a38175af1d,0
88dcde7f-bf83-4a77-a27c-2def2ba83871,0
3630f122-8314-45e2-bbaa-48c7dd1e2bc4,0
3385643c-c551-4455-a238-835b2ca86d79,0
ef4c1a60-295c-4aa3-ab6e-d73416c36328,0
205725b7-c299-42f9-9609-70fcd15b8a78,0
620a2d9b-47eb-4090-9f21-fefc62a18d63,0
0a6cf79c-86dc-47b0-b811-e4888262a13e,0
70a8af0a-03c7-47cf-ab03-68b21625f8e5,0
b130583d-7844-473f-9864-ca8cd77f7ac2,0
d65dfdc0-206d-41bc-bb7c-760bb50d3c5d,0
a987a94c-6e71-41ce-888b-72f671f7e874,0
0e725f4c-64f1-4a36-945d-5be65c2b9c2f,0
082411e6-b7db-4fc3-87e8-95102a1439a7,0
8481feb1-31a2-4fbc-99d0-8f7077f9cd78,0
32430e14-8281-415d-ab24-0c55a4b1ebc1,0
802b5563-43cc-4b45-9c8a-c32f8ff940e9,0
5265b6b1-aa38-40e7-a8d5-2b4404bf08ea,0
4625fbaf-df39-4a77-9d58-5ef4362b9aa7,0
56b718de-a7d7-49be-a447-5d73162bf800,0
7e44086a-bebd-4514-acf7-2396b882ba04,0
98fce429-ed61-4592-9c2f-250ddaf04bdf,0
d5717911-fb08-422d-b7d9-f1d8180c016a,0
d124f521-e2be-48ff-9167-5d1d7eae404e,0
a7bc4c60-66bb-42d3-abe2-4f0e91039896,0
b56b7f98-9ca1-4e12-9361-f6ffc818faf0,0
783d7e8d-642a-4253-b854-8162c1637872,0
1ed9853a-6de7-41f6-b556-fdfce5f9cf29,0
6c5717c6-491f-4472-a48c-56cd468e87bd,0
2a56d02f-7176-420d-87b6-856a98b1d870,0
be782d10-44a8-408b-972f-a6489d5f468f,0
f244c126-efd7-4526-8d1f-1709aa73ea52,0
0b8293ba-0839-4f87-b8da-0fc402dd1f74,0
a2c6facd-de3d-4a37-b9e3-4568967bbc36,0
f527e52f-46b3-4f12-a19c-3c12774c3fe7,0
bbd84f1c-253c-46a4-a2f5-9486ba610b8c,0
ced9a5c4-536b-4f6f-bd06-c3e7a6266cd6,0
f8f0897b-2fd4-4879-a328-8895a741adb4,0
2db471de-b029-4e5a-98f2-b6b836d12a3c,0
0c946789-be0b-4c99-b9c9-e330e154a72d,0
c7cf70af-029e-4530-a73a-703fd24106b3,0
e0f77c72-f81f-4ab1-ac93-591f0dd38775,0
05fc1370-0592-456c-a516-472d2d0d20ba,0
469dd75c-665f-482c-b5dc-c325a1497a58,0
6729fb47-2ebf-4f08-a3ab-216fcad78009,0
d03fd630-4550-47d8-a96f-fc5dbb8510c8,0
92d2a99a-151f-4f6d-9e5d-a63e2c208379,0
5f8333be-9554-4e60-9684-972935bb7fc1,0
6a39cbb4-a635-4e79-924c-7b73785d2df0,0
27256fae-77a1-41e1-a365-a38f473e05c4,0
13ed04c4-8c0d-4db0-a409-5dc1081e6e0b,0
59d64e63-fccf-4807-8a56-8d0abbc76f67,0
9a911f17-1813-4e68-acb2-d35d27e122f9,0
67109c63-112e-44f2-8f8b-f8a0822cc39b,0
980c1f84-fb9b-473e-b857-9ae974f90396,0
37adb752-cef9-41fe-94e5-0f7f6fd256ec,0
2750f405-1a14-460d-b4fc-12e6fa03825c,0
17f3138c-e719-4bdc-b23e-88916b620148,0
e9a1a5c4-653e-4c7c-9bba-e0db6cf4bbda,0
a8c9489c-504f-496c-b395-dcbd78454a79,0
e2511554-0b0c-40e3-88c7-47570da92597,0
03a66809-8929-4889-9f81-013e992ca717,0
dfb42487-9542-4826-b146-0a83ec0a0243,0
f4c2e720-5d41-4766-afcd-dc9642b5077c,0
3edf4bb3-7d32-4637-9974-cf5339f0fbb6,0
1c8e85fc-30fd-46a4-aadb-fef9f8db36a6,0
de630a09-7b8b-47b5-ab61-0479619d3ecd,0
6235cea7-844d-4473-bbdc-3a3975e1184f,0
a55a404a-28d1-4899-8363-d7bf24c3d2ba,0
a0f9a7f5-a756-45eb-80c8-5abe9e0e8b62,0
86c65227-0fa6-4c23-a4f8-fac091fff374,0
3be11116-5663-4cb0-a80f-8d445ec2972d,0
567de744-2e1d-48b6-a4a7-e918ed1541fb,0
8c34ea08-0489-4041-9008-7f6433b09181,0
d08deb7e-7cd5-4e9f-a6e1-201f842bb098,0
5d37523d-27a7-4819-b5cc-991842949d9d,0
c47e245c-2237-4c2a-9afe-d3b50b7e5c73,0
f4a8ba43-e802-4784-8e98-4ea2b9be8287,0
bd4e3147-000c-48fb-977c-2abb1480f8e8,0
0ff75761-3a50-4bb4-8116-0880c82c62ac,0
16818f7c-8f0f-4d50-b70f-e80d8d8b7d05,0
9ff30655-a291-46d3-9bd0-8d8808e52fd7,0
115a4285-44e5-46b0-bbe4-e8f32a72fa80,0
939211bb-59a1-4d5f-a789-1e99438df228,0
d34830a9-69fc-4f93-8459-5c9a792b56e6,0
e4c3011f-c594-4d92-b703-cf426dba0c1b,0
8a0aa01b-e88c-416a-9c1e-a84eef01aa6f,0
ed823a53-6ffb-41cb-9db5-bc05487c2ce8,0
5a8fd2d7-7d13-489e-ac67-c88af8adb329,0
cec87263-16b4-439b-bd7e-8f2651ec80b7,0
29eab024-aff5-4857-bbea-3588aae35d7f,0
6685e30e-7a9d-474b-8f35-171510229b18,0
e67fcb26-5370-4744-9f20-3a3ce92ec9db,0
eb91ecbf-abb9-43bf-a234-1be199a75e51,0
ac987bef-334e-442f-8385-57af9f2d9c60,0
559b3384-284c-460c-b9c0-ca605e31f52e,0
1b8516ab-1981-4ae1-a497-f74be89009d1,0
f7da19e3-3964-421d-a609-0df7528f900c,0
cae6a483-2bf9-41a5-a714-f2ba680b4e54,0
09f2c513-068c-4c9a-a959-f921518c26bd,0
7720a526-fbf1-468e-af8e-c00adc90e8a2,0
f37ae16b-f340-4b7f-b80e-58155668a7b1,0
74da8efb-783c-4969-aec9-9b0ddbcc26da,0
18937ad6-14a8-4c7b-8b52-ae0dad0de6f7,0
04b91011-f4c9-429e-aa67-e9ec436bbf1e,0
c069be71-0c1a-4cf1-957d-c32bf16ad88b,0
149f2341-4a05-4970-b0a8-41ca99226fcf,0
3afd6a1b-897d-443b-bbc1-d33277a66883,0
2e4cd130-bf60-427f-980a-b010afac9740,0
437bb1e1-69ec-4312-8d3b-7c2aae3c05c7,0
a3f2d79a-e4c5-4c67-8182-f74985ba4b4e,0
45863772-eed2-47b6-b15b-f80aabbd870f,0
663c5b50-35c4-4532-8295-c43f35c13687,0
2aeadaa4-9fbe-4d1d-a7ff-da3eb15987e6,0
bb9f1e50-1b3d-4c8d-bbdd-5bc31303c399,0
85409895-e3a9-4990-92aa-e0984434c396,0
e7bc6bf9-feba-455e-a7db-12396b60ac63,0
68b5a376-1c09-4ade-ae14-2143933b5182,0
59a8a30e-5333-406b-8b5e-1cbbf5e86828,0
cf5a6458-4f58-4387-bb6d-8983e580f66b,0
87fa4111-02cc-44a4-bf80-a6e44f7e578f,0
6b9e8dad-050c-46f3-b7c1-26b0605c7ca0,0
fca5839b-a8d5-48f8-8cbc-37427820e05a,0
774b6c39-b530-4d34-903b-f170990bec31,0
115d1224-6393-45e6-a7e5-a5d10ec14dac,0
334635c7-bb24-49e3-ae93-0e4d58c61610,0
43a39c94-e90b-42d5-a25d-31bd09bf03d8,0
249bdddb-d815-4d2c-ba66-62d78c5f85de,0
2df00125-317d-419b-9a12-21858545f6bc,0
9619db13-a56f-456b-bfcb-1eaa4a398410,0
b9f95048-6ded-4787-a6c0-8ec71582754b,0
d8bd8cc7-8931-40ca-ad02-2d7198c55f6b,0
63425418-4332-4feb-9519-ebb8679ca52c,0
3bf6a2b7-ec39-4349-9af7-1e52462011aa,0
ff92ce5f-e2d6-4bc0-923f-8214b363c7d3,0
49bf2c32-6763-4085-a757-880cbe626fb7,0
15befbeb-8658-41a9-8c9e-7fe8b5bcf6ca,0
45e435a0-2344-4c3d-ab29-6d3a0c0bc813,0
82e465b7-b263-4d20-afea-53c3533acb9a,0
656b4f5a-ad87-428f-b794-06edee01f764,0
bcf997d6-fbb5-4838-b418-b9fceee92971,0
be0f851e-64bc-43d3-bbad-b6e86c2a1c73,0
ca7a3ff2-31c5-4245-bb59-d935d3b7ff18,0
39bcdd6d-6636-46a9-8887-5e8cdcd7bfb3,0
48ed113e-352f-4305-a67f-8774e4f80d40,0
6260d831-7f30-45de-b60d-32f22cd31daa,0
481f998f-c7b0-478f-8871-745ff89c9792,0
5a8f8cf3-80e2-4b69-9831-89f825eeb280,0
b91fb895-12ee-40fe-9081-4159854dbb60,0
7e90428d-4831-4683-a3f2-88e6c345c961,0
9c35f550-bc03-4c5f-83a3-e19c6e60e268,0
c9a3dccc-3dc3-4030-b0a5-58b7bb01a3c0,0
63ba400e-22a0-4b97-b199-99eb5d3998eb,0
cddb2830-5518-403d-8710-ca574f9a67cc,0
997fe120-96ce-4ad5-b93f-be6471120a9b,0
3b100614-16e5-4ad2-b29a-f59c7a69ccb3,0
0bbcf5be-dc60-4f52-9ffd-a8956d6af27a,0
8c58ae0a-6f75-43cd-96f5-d92596e7ae26,0
4e6f3f4f-e198-489c-bb01-a800b2f7fb4c,0
5e63a52a-123a-42a3-ad82-7547f5bcd8a3,0
d3c90c89-d2fd-4dc6-99bb-0b22b1bfbceb,0
62ae468b-2229-4270-80b3-1c21e7d977fd,0
78f4b33d-6a13-4978-9f93-9ba57148742b,0
0ef67fc0-9909-4537-949e-1c9852e93caa,0
cd830f3d-5e76-467c-b24f-2dce07b5e7e9,0
876f647e-e31d-47fd-87d3-0f1787cc40a9,0
70e688c1-c66f-4b73-ae20-0764058ca39b,0
40c2d0a1-1ea9-4bb7-b213-2e023d179c76,0
3df82b9b-73fd-4de0-bcf1-abe2a8858faf,0
14638675-0323-4b98-b531-7d7219d18419,0
a214f63e-f847-44d1-b7ee-b07cda6074ec,0
9ad2e566-fd8e-4987-805a-e1943c83bbcd,0
6ce1777d-44c7-4d4d-9869-04aa73b1c185,0
04ab3b9d-58af-40a1-a7cf-427096465dfb,0
fd7bb1aa-1392-4bc4-9dcd-247a99fb8bab,0
34061120-493a-4e15-97de-29917f55a70b,0
1435d9ba-568c-418d-9e3d-7fcf0f414069,0
282bf943-123a-4066-9f45-dc0d3e9f13df,0
1142c70d-842a-4748-b0fa-c2dc73a416cf,0
ee7bb39f-43f6-443c-8f19-6f4af465f664,0
e37deabd-d63f-433d-9cc1-58288f6a6529,0
f0b1e305-13d9-4d3b-8cde-42f46778b2a1,0
161ca953-50ab-4b30-aa1b-e223a8d8ace7,0
01337571-9a0d-4bb7-8e78-8a4bde32e8d7,0
a832020c-23b1-4d21-91f6-4cec79410b0d,0
0040188a-63b7-4c45-a882-29ee8c6342e3,0
3398432c-7076-4126-bd37-85cd2a5b8017,0
8e3f4300-e5c2-4739-8029-142278ba9c3e,0
1e51d840-42f7-4947-ae6c-fa25990581a0,0
4cea8514-d41d-4832-bda3-dcc8d0eacd42,0
aac46d16-cfd3-4c18-b837-eed6825f896a,0
a00764f8-5f0d-4ccc-a127-ce3dde37ceee,0
3b6d4d7e-70da-45bf-b59c-2ed5a24b0ff9,0
b68c2692-a269-43be-a0cb-5edb3095563e,0
b5357b26-93af-4cfb-82fc-1fba1affad61,0
4e5ffa06-e725-4449-9e4f-fd9fc7b4804d,0
b09ff498-1f96-4ab7-b2e6-ac25b4eed09c,0
0edc5ce6-0a03-412c-bb7d-06c0004cc776,0
45846c60-ecbc-4c76-af7a-638eb96f3698,0
3629043f-68ac-45e1-8256-b6037750ded6,0
13c7b811-7674-47ff-a50f-6ffd98592004,0
0530759a-ee9b-43f0-8bc0-1b45162b38cd,0
c8ecb035-9034-469a-8e58-acedec5ee451,0
734b96ab-82de-4c68-9e77-11636db2be82,0
a2af111b-a4a6-48f1-b1de-57592727e4f4,0
70657b2e-315f-4e9f-aea8-cd5589326d88,0
d4bf8c83-7166-494b-95b8-a2ad74356969,0
cd29ba5d-304d-43eb-906b-24a5a5181e4e,0
97e68df8-3e93-4711-8959-f7c6e80b11bc,0
0a4036bf-f282-40e0-922f-4fe6d1d10a61,0
1c5dc4b7-9698-4464-9af6-570f872e57c9,0
c31fbbaf-a8dd-4aae-9aaa-e44d4d498c53,0
3d7ea468-5abf-4608-8762-a831abfb7bd2,0
0dc14995-e506-42ec-940a-c8aeac0abff8,0
281b6e0b-44a7-4495-906f-d84b6fda1594,0
ebdb8e41-5016-4584-9f69-94a00ffd03c6,0
15545621-ec28-486a-9365-8cff9aec2215,0
2dfb1413-f0c7-4aa8-88ff-828248c3bc1f,0
de592985-d2e6-4ee8-b402-b95084eef798,0
6d4aac0f-5d4b-4b37-899f-35511e33a998,0
6d15b99b-4c2e-4123-99a9-c46533cea312,0
b6e07625-3d9f-430b-8a57-ebe0b190f64d,0
6c4ed2b4-f54b-4156-8de9-7f9ba1d118b3,0
0b8bb2d6-e1a4-4c42-bd88-33c14f7ba3e0,0
3730e9cc-e55f-42ea-99c2-17eadaf80202,0
f37c5cb6-ffc9-4d31-bd61-1db974cdb0b3,0
807f124d-e0ec-4fe7-bf97-2ab0ce2b8d07,0
f0f4cf05-766b-4e8a-a6b0-29f61de7552f,0
d9bbdaf8-e2b3-4281-baf9-6d6e143abf61,0
76e687eb-e6a5-493b-8e02-d63bc27689ee,0
199224fb-9e74-47c6-b4d4-b9811a827076,0
59706978-f7c8-4731-a2d0-af0768b5b0bf,0
814e31b2-2825-4950-89ad-7820f5c76af2,0
81087450-c929-44bf-bf79-7b3ddfec3281,0
2155c93a-6e57-4c5c-8013-2cb225fdfb38,0
51e4a221-c25c-4af5-ac72-45b8d9c64710,0
5f9152a8-b95e-4a05-bd4f-89ba5cf4e673,0
676098c8-b76a-4c5e-b695-825b9bf23b71,0
438338c7-552d-44ef-94fb-9987c88cd5eb,0
ec4a88a2-0fe5-4070-bec9-10db44908846,0
c72205bc-ad65-4d99-86f6-3856364702ff,0
0fc294db-a51a-42a4-9901-b9d538c11ec3,0
a373ba61-f1f8-435e-9b5a-b8e5f60cc3b0,0
69f09ce4-49fb-4b41-bba4-89a948353af1,0
05afc52a-e585-48e4-ad13-5c511a55d84e,0
0401196a-ee6b-4674-a2d1-98b09c1718fe,0
2c82fe09-83eb-4790-a295-d4d8dfd88609,0
b443efe3-1f90-48c1-a989-4040bf307b9b,0
17c4be0b-008f-4d86-a672-e789010fd53d,0
0c33b527-6ca8-4900-92c8-e678b9bb09c7,0
5e5b6830-968c-4a3d-8b59-56ee964c4f62,0
c2ea83e4-ffd1-4b36-a3f8-fa4b17b18110,0
d43da618-a352-44f9-849f-ad7e3f614126,0
e3d99c4e-5709-4a75-9d95-dcef1951ee26,0
ffd762fc-98cd-4001-b3dd-7a0494effb44,0
dae3dfe4-31dd-458a-ad8c-f1e248ea4be4,0
b0543b81-c4a4-4471-8f5b-e5953646f3fc,0
52015dee-9928-4f97-a729-e025dde5b22c,0
1e7601ea-165d-4231-92a1-5117e7d782a6,0
589e53e3-ab54-4fb1-a8ab-aae798761bee,0
4adb0d1d-1976-4ad5-af95-76c9154eb693,0
61329a1e-a373-4e5f-b0b1-f1a589805b1a,0
e9443713-54e2-4f58-a9c0-7fd4669615cb,0
d7eaf6d2-6ffc-4559-8eca-a6dd091d7c69,0
a107299d-7e76-4fb0-9aa9-6a7a01c93219,0
87afa972-3d56-4fd7-a124-3be8433e89c1,0
0aac9342-74f9-4303-92dc-5487a2984dbe,0
4035028b-d829-4d74-a54c-3c51679bf44a,0
ae8651cf-b402-443c-84c2-a21e329e1262,0
980b42c9-8fc6-47c4-8f9b-f95bfda063d7,0
1b265240-06f4-49e7-aa50-957a0f7971f1,0
907fe54d-939f-4bd0-8873-49953c67b9d4,0
0de61458-fdd5-40e8-9549-65796c8a0e7b,0
b1843c31-acc1-4240-9592-03e5d223ceec,0
3b6dd699-0b85-4992-b11e-7da2222278b8,0
ace7a425-9cb0-45c3-b327-d7986facf044,0
839591a2-de71-4181-b20a-34ad2ad1b2bb,0
4899d70b-8e57-4d95-9c9c-e3ba438db75f,0
bb348278-e762-4cec-bfc6-c2c031e2b05c,0
0a4e876c-b5be-4721-96cb-a5aa229a2fb7,0
a141d89d-0155-400b-96a3-f3126f6c7764,0
9c6a235f-2710-415d-b750-f53cabda0843,0
c68c0be9-dbc4-47d4-910c-3983fa0739ed,0
2be56b9b-6d15-4012-954c-addd76b2d512,0
816f010a-1168-4877-9b75-9a04e035165b,0
42e1a165-562d-4321-b3e8-bc17d4e87b25,0
efeaf73c-4490-4011-8cf3-a30d5529ca9a,0
cbdbc672-29f2-43ce-8681-df7e6c8cc8e2,0
90d2a586-ff7b-4d7e-a15d-59fa67a56a2a,0
06f00674-e52d-41ef-9086-590c56409e22,0
09db488f-1a60-477c-ae4c-e3f39059667b,0
4de2f73c-d68d-48fb-8807-bff87c930238,0
a4611a0a-3350-441a-9387-538f8df8bbb8,0
8c0ea5cf-41a6-4240-a532-7e14ae7a7c08,0
49ecdc79-6edb-4e6a-9658-73ab5a38c953,0
0371dfc6-d760-4969-ba5b-e6048fe4c946,0
b17b2de4-97a4-481e-87ff-c16eec431eb2,0
64796153-70d3-4d8c-9272-211e055343dd,0
63a76ec4-f9cd-47d9-81b1-7615f5845992,0
19bbceb0-6e60-4b21-9460-2a5bc3571085,0
fc32dee9-cbf8-4237-81b7-a2dca467b0a7,0
f24f757f-2188-4e2e-8f46-204d363beabd,0
d948e98f-774f-48a1-a89f-5c4fa5549bfc,0
1b4436a6-662c-4635-acbb-4d00ad27c625,0
73bc7f3b-0729-4469-b5dc-24ee201c9e9c,0
dbb382d3-533c-4cb3-a4b6-5b8c33beb118,0
a08f18a4-dbbd-4ebe-82f6-38d71a80f973,0
5fe0a023-5a7a-400b-a1f5-50a70dbc7136,0
7af4590c-130b-434a-a87f-dba043e90b29,0
78731283-2e17-47d3-9630-f3130d3515d9,0
e2543549-2fb5-42f3-adb0-63acf4457035,0
42b7268d-3072-4e91-8199-441442973773,0
a9720aac-f979-486e-a396-6f454230f6d2,0
67231eb1-53a4-462d-a497-d110607f1d15,0
316a0feb-f5ea-471b-9e02-b16a6cdcf8c4,0
18d7ec58-19f7-4f6f-a5e2-835ba18d37fe,0
8c2c1856-4ef4-4fcc-ad25-2bb4d9d6a9ce,0
ce6615ab-f205-4e75-baa0-3b6bb2b4a0b8,0
e03e0756-2882-463b-968d-1eda7d400d48,0
38da6e8e-5efc-4883-aca9-e9fe134337c5,0
ef621ca6-04c2-4d78-8752-a3917ce38949,0
128bb694-3f4b-4b67-9064-c09af82fc164,0
4e190c45-a614-4a22-b468-87a5fb93b2ce,0
238b0e83-9526-4a2b-8e1e-cdf0e5b1bc84,0
21644a57-19d5-42ab-b807-3aa308d5b31a,0
28a38f07-c35a-44be-bd4c-16a91f17b9fb,0
941b811d-b239-447d-9f6d-f0eae8ea949f,0
47b99a38-57c5-41b9-819c-895e52b9297d,0
7578e9da-a9ec-434f-8721-d7800bdd9b4c,0
f5272596-bf0f-4595-93be-b7d3bec693ca,0
2ec2d64d-9653-4cd7-9b54-729aca9cda97,0
d4edae35-36df-467e-a865-0e832e64e7d4,0
4df305e7-3569-4308-89f9-58c8826b30df,0
440749c4-0d1e-4956-93a7-155275c1d9f0,0
ca755d9f-82bc-4dd6-8e83-32227180d3b8,0
7b1381ed-8f8a-478b-b0dd-486a8bb5b30b,0
d2ec6d6f-29dd-4d22-9e18-74ab6ba1b08e,0
eee1d2ae-87ae-48e6-a3cb-16c9ed21d7ba,0
a8436739-e918-4c3b-9d29-f237bfacfb1d,0
eb4358dc-1b90-4048-abf0-1e17fde7539f,0
dfa85f83-6f78-4fb8-b0f9-af18d8848490,0
4ea56940-eeae-480e-a3d6-d02f4dd99ce3,0
f1a3ad17-b97a-4fc5-9a23-ff840f512a3f,0
7875ed7f-f61c-402f-8395-41a18088ef4d,0
9df19186-107d-448d-82f3-268d9e06572c,0
d900b757-a6c4-4920-8fe6-10db0369144d,0
e0bf45c7-342f-4c4a-b383-480a20838e05,0
d7452d6d-7651-4e82-8205-a1ee4095fff7,0
21e13b7f-67f1-45eb-a29c-4f4fd68db899,0
52b739bd-67d6-4410-9b94-230422efb3d1,0
30980184-19e9-44f0-a633-ec3995539a90,0
8fffe0d4-1075-4365-a5e5-5a6cb32d8f76,0
1bc420f0-65f9-4ccd-bd80-1ce935a87681,0
3a1aa095-bc24-4e61-96cb-ad75bafe14cc,0
149421b5-9ec7-4f47-a14b-fa72028524ed,0
77eaca2d-9141-4382-8da5-f3f08a549242,0
9eda111e-c52d-4aef-914b-b3e21f5246fb,0
236057cd-6869-4907-9575-3311cb1b3a2c,0
1aa27b01-1e0d-4a30-95a7-82086385b89c,0
7a903bcc-268d-456a-99f5-e44dbc20f38e,0
04d1dbb7-bcc3-4819-a7da-4da099e088ad,0
79b0d10b-f7f0-4b92-aab9-e2add267c9be,0
55cdd6a7-f98f-4c19-9823-be609e29b930,0
33cad14e-2607-418a-9bba-7fdd0cd8f43f,0
5b14cda3-7ec9-4eb3-80b6-9aee75f4f4a2,0
3f62ca65-767f-47ae-8d9b-d7fb2da13584,0
f99bfa7f-b474-4af3-a9a2-fbb4de0ca039,0
c86a4e96-b482-413d-9cd6-b5f28124b06f,0
7fc65a05-8bb4-4ea7-b933-21a470ba070d,0
60d2b15a-72aa-4032-9089-14f8391d05ae,0
4c15170f-5414-4f5e-8e74-da3d5ab8364d,0
305b3a81-8c29-4964-9bb4-db1944ec476d,0
79ac2564-07b3-4860-a59a-ffa78227e505,0
89fa8eff-b4d1-4295-8ecf-e80d95005962,0
8147e98e-e1d8-42b0-8424-cab8654e7b62,0
b62ca39e-92ce-40e8-8781-2fb297d7514c,0
34dfcbf7-47ba-4f9e-93ae-1004c365ad61,0
7b479eb8-6ae2-4319-b0a8-8e47e32865e3,0
67272943-2282-460e-aafd-5af52f299a3b,0
b5618199-30db-44d9-8024-8c5e7b9b36fb,0
1736fcd2-7d08-49a1-a5a4-e7b88756263f,0
86592d5b-ce12-4d07-86d5-0edc599b24f8,0
acff75ae-09bf-480a-8513-f278e100f871,0
09829ea5-a980-4bc2-a0a8-4f52ec6fbde9,0
bea65d09-8c77-4316-83df-377b70eb951c,0
30775979-fab9-4c77-9ec0-11b13883921c,0
614bab1a-cbf1-4ba3-91c4-7104396c26e8,0
d2a276c8-90c2-4fd6-aa18-fe1c24fd61ef,0
7573330f-bcc7-4a34-9e3f-d31d646577e0,0
5ea8fdf0-9e30-43b5-9c64-fc68644bdda9,0
e27c6075-a34c-43da-9874-cf73caf37c6f,0
51e6b371-af2e-4b91-bbf6-2b7c1969ddb9,0
d6b9f430-6151-43ce-b83e-cc5ffb07157d,0
37a231c0-e51d-4600-9d45-ed9fc011d7d6,0
a684161d-f55c-4cb9-bd02-82517b14e1a3,0
830142fc-bbe1-4796-aa22-600d0bb5977d,0
9e55fc25-c744-4e9f-bd4a-804b86908b89,0
4e067bd4-7faa-4f60-866a-d8a18c32b398,0
3cc9ea0e-b340-487f-bf65-398a46ae95af,0
5f604f36-3e7b-4780-889e-1e3f41524369,0
d09f2989-996f-47f0-b4b7-3c8634f3ca7d,0
cd87b350-9bff-4596-81e6-cd7d8a4869db,0
a67de318-e11e-4c6a-afae-edbaad7ff675,0
7b684662-dcbd-43e9-af0e-30d74f91f8d9,0
b4e98fe5-6e59-4401-bd46-99fee9e81302,0
d25969ea-af20-419e-a8da-42d3a2c16a68,0
d85cb09b-dd0d-48e3-a818-976c439c0629,0
588be6cb-b9b9-41ad-a2a3-7fc29bbc5f75,0
99e58f69-a628-4fdd-be61-ebdb3a7694eb,0
e4f9ddf1-f935-4b55-af2d-f4e179dcb963,0
420f03f1-3dcb-4e03-9581-ec1ebc46dc3e,0
91e39ff4-ca02-4616-bd52-a68b976a54c5,0
526be889-e614-4d47-91c4-af55a9850e69,0
aa89154e-2c27-4dee-a10d-989bc1387111,0
c649728f-cd4c-4a58-a6b2-be9c7e23b4a9,0
21961dd0-9e03-4954-97be-207ffa72a653,0
de8cd528-011f-4085-bfd5-dcfc17504b00,0
62769fad-599d-4c67-9249-776f4fdd501d,0
ea88c7b9-0a35-450f-9e82-d2c4da1c4e3e,0
c4c92d75-fd64-4ceb-80c0-3ef35753b153,0
20c509c4-be5d-4a91-bbd2-a50f4d852cb9,0
e883f18e-9bcb-4831-ab2e-cd7299c6c454,0
ec78feb1-3fe6-4b9e-910a-fff1f43ba6f5,0
5044eb84-8792-4810-af82-3c8b9df44b4f,0
d0b2a002-5f94-45f6-8b4b-ada9ead190ec,0
f3e225c0-64e5-44a7-bfed-dcac0c73f1c0,0
dad7ce9a-a31e-44d7-8327-86872990db00,0
e7082479-ebed-4664-97ee-39b38fb9b045,0
1401a176-38a9-40ae-ae43-b4ff2c30b68f,0
948ec555-6541-417a-a140-5a3edd7d6424,0
d7ae4215-7bbb-4d03-b276-b5f3dd86e227,0
cf016da3-bffc-49b4-b02b-e2c8afae9e53,0
54e6db0b-83e5-4018-b82b-428e01f4ade2,0
bd94f013-f1e4-4678-9b2d-77c34d6fec6a,0
7f77bff4-4726-4f4d-8c3a-a44b0f32cc26,0
278bae5c-5a34-48a1-8252-b09afbccc72d,0
8529057d-2df2-47ec-9402-c4294dbe54c1,0
d0bb57a3-6279-4569-ba60-b16da4008eb5,0
255bd1a8-5328-4928-9aae-9fa9b0286ac4,0
a4c285a7-2945-48b2-bfd6-553e98146cec,0
f853d8c2-f91a-4725-967d-b435a72b441c,0
875ab19c-b018-4e33-8b38-511175957d3e,0
f17fdd36-7ef5-412a-9553-fc343936b63d,0
6d9fa0f7-1f6f-4b30-94c0-86fcfe9df236,0
9de0e2f0-81a8-4d41-979d-e57027ac85d5,0
25909d1f-34f3-4012-b782-135fb9aa04d3,0
490cb8b3-deab-4c5a-a390-33534be05dd5,0
50b7f0d1-e6f4-4b21-a7b9-7d77cee95121,0
16cbfab8-832b-4adc-ab4c-9471537cde8d,0
4cc4a1e6-20e4-40a0-a5e7-f524d9073d87,0
a6e38388-74f0-49cf-8731-58bab2b450bc,0
c3776dd4-3d8a-43d3-8e62-bfc985d47d4c,0
85772893-4489-44ac-8cb6-468b3101a7b8,0
d7658360-fe0d-4e91-8225-29f74f4e5ffc,0
181ecb9d-1c24-45e6-a127-763420fdb793,0
77ad4430-9475-4a05-9982-758cd83572d5,0
28374a6e-6376-45b9-bc47-7b0397ce0f1b,0
d05d22d1-2f3d-4839-9f39-a0fababaa7cd,0
8c01f68f-02c4-4840-9f22-9405a53f5298,0
64041d95-293d-4fab-8eea-1286ddb37ec6,0
079870fe-f8a9-44c9-b7e0-69e99f8adf8a,0
b2202d37-4f0a-4162-bbdc-99f1edab3da2,0
a94d9d4f-2e4a-48ba-8eeb-74f2a89780aa,0
e8e9f1af-dd7c-4a19-85f9-0b3d15eb2f38,0
f28b5dad-eeb7-4eac-b31d-c182f30ee88e,0
82e538bb-908a-4b70-8651-bc828bb1bba1,0
1c041c44-2235-4406-a730-d338ea659b78,0
d842f3d7-efb9-4a32-abb9-6c7a32e42940,0
c46c90cd-45b6-4f3c-85c1-1bfd3828a1b5,0
74e41a93-2abd-4326-b196-6f15288b96b8,0
c1c3b144-5d80-4de6-a5ba-831ae799b456,0
758727bd-9e56-41e0-9312-8c5a89f6cc95,0
85c5674c-3eb2-4303-88b2-82a21b8d71b4,0
2599b1e9-17e2-4772-a7f3-a2eba523d4f2,0
53f70f8a-5ed0-4b07-aca8-09ea8623350e,0
9d7479e4-a6b8-4971-9044-cb9a7a963dad,0
09901b52-4656-4ee6-972e-42c521562b40,0
94e05abb-94b3-4a38-a1aa-9245de6a93da,0
29c833cd-89e4-4901-9dd0-10981077b730,0
3210fc63-d49f-44b2-9090-813011294295,0
000c197c-fb1d-4cf2-b8e1-27a51198a4cb,0
91c89c5e-5f82-4307-8650-92abf4f0c502,0
6b86fb3c-6384-4f9d-b299-b129bb2d1294,0
06592f3f-4a8e-4e5a-b6a8-f2ec107c973c,0
0ff2ba47-c359-43fc-bd50-43ff73e6034f,0
63a61781-d373-49f6-bf83-2805c6f7b40c,0
4ec40326-94f2-4535-a825-b6038180dc21,0
63c2fbed-4e6a-46f6-95d4-174c55465be7,0
bf95d50c-7f4d-435f-815a-60a5e3702aac,0
330e29a8-9189-44ad-b2da-1d0c07eff902,0
0ff7e3aa-92b5-431a-a1e1-d8a0226a60cf,0
d2109fc1-d5f8-4ec5-8fc9-676f24c88676,0
6a2920d4-d017-4bd1-a959-a138e8f742bc,0
c4b432c5-555c-4059-8f98-d1bb58a052b3,0
8d60e24b-84db-4a19-ad69-68b1bdb25696,0
c850b77e-d857-4be0-ad06-df93598dfe1a,0
cde4d803-4947-46fc-a22d-6a804f0245a7,0
53ec6d3a-be44-4d91-b597-cdc5f31e30cb,0
f5debb87-17a1-44a6-99d7-b2cde1a85f21,0
26ef82d3-466f-49b8-86e7-e30df61939fa,0
46785f76-db9b-4968-89e0-b39fc540c81e,0
72fe0c0b-1223-498f-a332-a87f161e353d,0
21fbaf99-cf8a-415f-977b-8d3a82fde381,0
4d479ed0-dd5d-4a0a-8be8-dfeaa9d8ff71,0
a5d96b0a-a6d5-4a4d-9c55-6277613b17c0,0
4497ebef-7e62-4181-b209-c744d384e967,0
a5b44fb1-6ee3-420c-9285-4a432822f8d6,0
afc2ded7-4c78-40fa-b690-79bf005a7d95,0
45b152e5-e4f1-4896-aedd-fa8ccd3e7d99,0
8e8857ab-0661-4ff7-abe8-af40f9135139,0
8f4febab-e5b5-4402-95f3-e9c72858465b,0
07a2cdf9-d1f9-4e8d-a4fd-e609e4839378,0
eb909721-55c8-402f-a213-60a071c49c74,0
7493d93f-ffa0-4953-8f2c-036e566dfc07,0
e2991fe8-d09c-4d37-b0d6-db591917f161,0
762db064-b6ec-442d-918a-01c748350e82,0
24d6309b-976a-4ac0-8936-8b1488ec2023,0
3d1bfe98-1a51-46dc-9848-278ef6799273,0
47159eb2-f897-4798-8123-463b3e4e7e6d,0
7287a8b3-b08f-4f70-b5cc-b7b207036724,0
d85d6e89-d7b2-48c6-bfb8-5d290be0d8fa,0
89004a22-2d95-4baf-a70a-313e09f6e911,0
39711156-e92e-4287-aef7-b935f34d2c28,0
c6aaf77f-8c99-4c00-9f8d-ec5c90763b92,0
4a0d0d12-5b35-42dd-893d-b7b66fe23cb7,0
cb826121-0fa9-4a57-9f90-e810b378d861,0
95f78f85-a238-4839-acc6-35ee53be26c2,0
b88f86da-a5f3-46f2-989a-41673e00955f,0
5bc47ee4-d3d1-4da8-9ce2-8e2783322384,0
b28ce917-f336-4b93-8a26-5c56c8ecb503,0
6e1fdda3-a5c1-4b4f-a5f0-f075251c2878,0
07bc2adc-27a6-4517-b755-94e4a38df745,0
8504b01e-af1b-4966-8404-0173b553e299,0
0cbf42e3-a5de-4b22-b218-5e0f64f7d5c4,0
213c39d1-8ea4-4602-88dc-02f88bdb1633,0
25a09a9a-141c-44de-8b0a-47e2eae6b3f3,0
8a84e2f7-280f-48f8-97d0-03a9b3740e21,0
48ea52d5-9707-4657-a4a6-81a719c51bdd,0
ec0d9446-1f6e-4003-b095-ed4c5c0cd268,0
225d50b2-b0df-4916-a4d8-5181e33d1214,0
33b62103-103a-44bc-8b96-865cbb2e9c95,0
4e81876c-5c03-4b48-af9a-df345a58f48f,0
67660ca9-335b-4b66-a782-b72ca77bcc17,0
e7653be7-7819-41fb-b299-7ebe91541829,0
729f2bec-1495-4260-978d-1465dec2a7d9,0
2b1d1d74-1175-4278-b4a7-ea8320e246c3,0
580a5d7e-1dd9-4ce4-81c8-6d5d2ef5e18f,0
64d1c76d-6270-414d-b134-b1c7e6de5768,0
5cbbe0dc-4c90-4adf-9529-6ce7cd637006,0
bbe22923-0657-48a2-99e3-1de9d6360dc7,0
8db628bd-f87f-4755-b625-d335c17e7b9b,0
35a99255-389e-4023-a4fc-c4724a18ecd6,0
cce4b0c6-46f6-41ca-84cd-2897cae1b924,0
4b4800c3-5847-42f2-9785-5ebb122f407c,0
4c6016e8-a31d-4a7c-bfdc-8b02e785bd91,0
0c4354d0-82bb-4528-8765-2e600d6d363f,0
6f2622d5-f3e7-4e78-8b45-71318457f142,0
8990be46-2f05-493c-83da-2d36ea321c6a,0
90c562aa-04b6-40d4-8ccf-5839979176e6,0
ee016e7e-85f5-446e-accb-ff68deed5ca3,0
b57fb603-5c95-4f3b-a03b-2fe9ed1fe5ec,0
c3d88f6b-76a4-4e0d-96eb-5f7ef0611de2,0
e561c6f8-45f5-40ea-8595-39589564a267,0
cf1c8086-0862-4257-ab28-9d4998e45930,0
061f035c-487e-4c25-941c-f5140da737c4,0
275c1f80-b17e-40eb-981e-2470ffe13042,0
45740ea1-9b9b-44dd-904d-c92decce4a57,0
1929fe8e-8387-43de-9723-c6f280282947,0
240f07a1-02a6-4d4b-99de-c1815fd9254c,0
6167344f-49ba-4d4c-9cb7-4a4f5efecb51,0
581c5f39-d66d-478a-a2c8-27c24c7eb2cf,0
ecc24349-ad43-4d42-b198-036989e88281,0
fdafebfd-e37d-4100-80a5-13199699716d,0
ae23e986-a107-429f-aa90-3b529d33c2e2,0
dd4c6aee-c0b2-48af-b7fa-77000ce579a6,0
bdd69524-d35e-4835-8b25-5212d365fbf8,0
a5a18832-93ac-499a-b6b6-a0b5b0599d48,0
a5badcbb-128b-4b2d-9bfe-c4fd90336774,0
ed3dff45-12dc-41ac-8036-2a9764a522e0,0
ecde4eec-fcf0-449f-8a9d-ec36a284970e,0
e2d70694-3d98-4689-af99-bc8ded60ca8e,0
858d48d7-5bc8-4cc0-8659-d4ffd475f394,0
05d552ef-fc3c-486a-a164-2caa0f0c1340,0
5208b5e7-6f4f-4d4a-ab0c-53a85e8077f3,0
26c3bb2b-124f-4c23-879a-30f0e6008f4b,0
2f547980-e4d3-493d-bd2c-979fa38137af,0
58f22691-a2d3-4c5b-b7fb-2959fa1b17b3,0
f0a35898-cdf2-408e-97d7-b006accb458f,0
068b6c75-ac11-496b-9a25-eb5d78f6ff4e,0
ff77bad9-86a2-4559-b0dc-10f1c96dcd2a,0
70de6529-1d58-4e11-acea-c6b779b73c0b,0
47524c73-0607-400a-b7e4-7f5a23baf6b8,0
0eae3261-a52f-42bd-b947-07cb7f966802,0
57ab35aa-b847-4da3-976f-b3ab7ed16f3f,0
3577b77b-ed6c-4fa4-b69c-3c2b48f1e80f,0
bbfdfd1e-35e7-48ac-b8df-6d4784fa130b,0
3de3db24-a688-4a91-92a1-685d7bd2770c,0
103d8993-65a5-4a85-bfce-d7c06dcba252,0
99c3ef61-a774-4725-bb19-cb3eb9ce2b55,0
5d051b19-fabe-49f8-8e50-540e51278b7d,0
52eba0c2-c6ae-46b9-9e62-c54bc24fd6a4,0
ca0021e6-62b8-4bfc-8d78-3a5098ca92bf,0
2fa844a6-31e1-41a4-8e63-b992e23a9d02,0
69908ffe-8673-4688-9154-f35858e7c8c5,0
0fc60f07-f965-410b-88f3-b326dcba7b7a,0
16fa3446-1fe8-4833-89a4-dde24148d5b5,0
e4e0095a-8a9e-43fc-bedc-657b22c2c8b7,0
3f76c734-4624-4e48-8d5b-39bb785f4040,0
4b21fd07-8824-41a3-9e0b-28e997a86b4e,0
fc4bf902-a1a5-4fbd-ac96-4b07661c1366,0
eed10433-0515-425f-b30a-a42d12358c26,0
14a2a9d9-8cd2-4e6c-baeb-3124d2b2a8e5,0
156eaa1e-545f-47a7-8e87-78aee6932672,0
ecee531a-b1aa-4f75-90ff-d07b18031ea8,0
8a60dd08-559f-4a2f-bd8c-c769ba6d051b,0
88e8f946-0093-4229-b390-3ff4575d81d7,0
c35bd4a5-6e61-4d54-aee6-bd68ef1d517c,0
3c9b9dcf-fb43-4750-b33e-9492d347d2ac,0
fc432f60-3183-4bc9-9b58-c832ba4c33f2,0
fe03fa19-2468-4ed2-a47e-79c09bf624d3,0
c1ed9a95-b30c-4a78-a843-cec338dcbfd8,0
64aff61b-3c44-48e1-be32-fd72b09e35d1,0
0ba424cb-0683-4cef-ac20-0c1c7ec8875b,0
76e547b4-d53f-4293-bbcf-da7876e3c755,0
4235c4f6-297b-4131-b088-6c0eb32a9e27,0
f1de8b3b-5f07-46ef-afca-57f2ce6540b3,0
fc54294a-3dd5-447e-9cd1-898ec14a98d6,0
18dc15b0-b548-4728-bc58-e6f6969fc09b,0
444acf50-7c93-4b86-897d-67606dafb7ec,0
50790dab-0297-4e55-9e29-6d6a823fe3ae,0
a17645b9-6dab-4be9-9645-4dd3378a209b,0
62dc1bd4-9136-4eb7-bd4a-048ca9f8d106,0
56e03e2f-ce6a-4aa3-92a1-5a9cfea7a665,0
ef034590-d010-42c2-8e54-e831d08e5350,0
fe9a70b2-b909-42a3-94f6-c1d60c0d672a,0
efa682b4-a8a6-46a8-adf1-475c0e56d23d,0
96ce5900-cb49-4534-8a62-a0a622cb2eea,0
af4e4f04-df27-44d8-9849-d54a0c9e6711,0
42dacec7-6bc7-4f5e-bb05-71d69497a8d9,0
520ae2b7-6926-48e9-94e9-d1ee37f8e663,0
5ccafcb7-a12c-45bd-a556-a5a9b50d44f2,0
994e90bd-d3d8-4674-b5ca-e961f9d47f38,0
c7017a10-1e5b-45a4-ba5d-6b1509a666ab,0
9c6b6316-705a-4f18-9abd-f9f23c546c4b,0
71c7f218-e066-405d-af16-f45175be3ffb,0
3a76672a-2a3b-4450-be5a-6b2bab1a4f72,0
13840ddd-c6f5-4da9-877e-5ad63374e448,0
4a1023ac-decb-4705-98e2-c63ecba57e4a,0
c3a1d217-50ea-43b6-9b06-3d1912b6bfbf,0
e0e0012d-cb77-45f9-b8dc-f15a15126bf6,0
9357587a-0368-4f5f-bb11-5f9a381a1a10,0
c47cca99-9a28-4315-82f9-906354510aad,0
50fb4d6d-e0c1-4b70-8c4b-83ec9999c186,0
bf68b6dd-24cb-4422-aa2d-914c93a37d44,0
5b530b92-b4cf-4dbe-9e78-89b9baf022c4,0
7d4115b1-b370-499c-87e0-103ab1da18ee,0
7fcac6c6-aa64-4caf-9e12-feb9f40a598e,0
ab4196be-d27c-4fad-97ac-810d45a0411f,0
6cd74f98-c236-4924-a2da-cfc0751bcbd3,0
465addcd-b467-4225-94bf-22f58b2c907d,0
5df7eca8-5263-43ee-a19c-bddeb8cfe523,0
53db3ee5-12bc-47a6-8259-9ec04136479b,0
3431cb5a-b27f-48de-8838-992310579c8b,0
ce81bb06-3ffd-415d-9d02-1535d944ccda,0
467b1875-3b01-49f6-afd8-4200345fe7d2,0
6ae8d67a-90ea-4933-af8e-b74cca07d3d3,0
9189691b-9bb3-404b-bdb1-5d131582ea06,0
b7bc05fa-e754-4f81-adf6-c271d683f676,0
943d263d-f7a0-4e80-a8fe-cd0ad10ffcb8,0
6ad46ab1-5ee0-403b-975c-65eac1d5242c,0
9cd4522f-216d-4a11-936e-fdaf323100b5,0
3835b1a5-b825-4e36-bed6-e694c2bc84ff,0
b0ca3500-1f2f-4e27-8ab0-3f0e2e0addce,0
604676d1-3169-4d38-99fe-39837ed9929b,0
0c3dcf32-6338-4438-8630-133780d4ee6f,0
c0c2337b-568f-4271-a544-f1175543e7e2,0
9371007a-db6d-49e5-833f-3b7391dcf803,0
e539413e-ffec-4bda-a6fd-c7c190718b33,0
14409a1f-5630-4109-8797-3129da297ed7,0
44ff6439-7639-4318-9e10-d8bbfea955f0,0
674203af-4dfc-44aa-8263-7dbbfb36f8a7,0
bd827049-c5a7-4ca0-9ce9-7b808a71ac88,0
ff0108e8-af6a-4f09-a59a-1468bd87f8ee,0
6d692bdb-c892-4a75-ba67-645784edc1cb,0
7fb4bfd9-2413-4a67-932b-2e334db15371,0
e5bf8eca-aaec-43cc-a18c-a4769c560e35,0
b5f7c574-d7d0-4974-8cdf-310f6ea72ca5,0
3e839017-f761-4b5d-980d-83d6c4cdf0db,0
40827a48-a717-4e32-9015-b3242dbf473f,0
f3d81c3d-ac90-48fa-9e50-326b0db8721a,0
25a57b18-50c8-4375-813f-a9527b554f4f,0
6b1ceec2-7443-4128-b2a1-396472ef5617,0
0f649a18-83de-4aca-b0f7-882700f3bed9,0
f8923152-917a-4357-871b-0e40bb8632f3,0
251ac517-afe2-4cc5-8066-a361ee913c4d,0
a36b269b-8d34-4044-a3c1-2c2bd3ec6418,0
fd01850b-b10a-4064-ba71-62d1afd84136,0
f1d485ab-8acf-4352-a270-28c2ba15984b,0
b5eb5982-568b-4867-99c9-362ce5d97206,0
37316b25-83c7-45e3-9b0c-3ade0f53c7b0,0
62f30ad4-f04b-4d58-bafa-5daa2c8b8dac,0
0b617f58-3545-4e4e-b3d2-8500e92b4575,0
a2abf02a-cfbe-4636-9398-feaf8e29e178,0
73c3d113-8194-4151-a553-759de584058c,0
d24080c0-fd64-477a-a150-4c3ebe3c3d1a,0
a8e6f3a8-d809-47a3-99b7-2b4232bdecc8,0
48e036ed-d5d1-4942-83a7-34fa7a497b86,0
ea9d1728-00ec-45fe-a611-35f906be67f6,0
d50e639f-33e5-4b77-9514-1a7ba64469f7,0
e4e5dcd7-4453-481c-946b-901303b04540,0
b8db2dfd-790b-4b5e-8fb5-6fd6575cec80,0
68ed452f-54b1-497c-96fe-41702523a81a,0
4d7934d1-8cc3-4679-9209-72155f9ab1e5,0
c3ad3f5b-f207-494e-ab81-202d9f18b62e,0
c59043ab-db04-4bfb-8d83-81519da63a71,0
0aaa8922-9453-41bb-a2ad-0b60d546b66b,0
38bdbda3-0a6b-4fb9-a437-7558251fce12,0
211cb519-87fa-4658-920d-2895e221c5ca,0
818eae02-b9ec-41ff-a6f4-791271a7ea0e,0
9fbc3c63-0498-4189-a565-09297eb659d7,0
a816d310-b56f-4ca2-9574-ef2e06c8d5a9,0
680ca677-5e33-4e82-b624-7c2976b4ebbd,0
8660747a-0bd3-44c2-871e-e00770473222,0
3838c31d-54aa-43b4-befd-fdc6855a1792,0
68b95366-1959-485c-9e08-1f02bb190ad7,0
e9a40424-e23a-49fd-873c-24ef9911f2d7,0
70a6df02-b3c3-4afc-a69d-2046ef4a9b9b,0
496e4ef2-d54b-451a-8451-c09d21f2d634,0
531ca3c5-9366-4df8-b7ee-ac8a4a2ad822,0
3f778255-9d04-4e18-9a6a-06cd0fd564ca,0
76bb148a-9755-4ef4-8179-da94207048bb,0
71f7ede5-94d2-4550-8a8d-52cc7fdb3177,0
411def89-c794-4aa5-b1b0-da10ada95776,0
04d65998-727b-49b5-a674-bc8003da3602,0
d0cbabc1-18f8-4ea4-8f34-d75d7cbed3bb,0
94c71d3e-9d28-4746-a3da-a0a17384fed7,0
90dd4641-7cbe-4d76-b1ad-211b0d5b6615,0
08bef325-785c-4769-a39c-6bc03eacf977,0
52b56456-b80d-4a29-8c20-7a82f3bc86a4,0
75037585-36f7-4488-aed3-39fc269aec8a,0
0cd0709c-2e08-48a8-9d2d-1748e0837874,0
7ae70a63-8ac2-43e9-8574-b730133614de,0
69352f0f-d935-4da7-9dc1-29157294a96e,0
a80b80db-5350-4cd5-a069-502fb8468f8f,0
1af5cc44-25b5-4b96-9bac-23fa5f7d5575,0
bf7a8efb-0dcc-468d-9474-15026bc074f4,0
7e17ce9b-0cf4-4942-9f28-ff0482d6f5e9,0
41fa534e-59e6-44a4-9176-f19939a21786,0
02c09a27-aae0-4d8d-bc7d-ca2ccc0ad58f,0
6c32cccd-20cd-4530-be1c-604f1a2fef2c,0
1ee0516c-b09d-4676-b0cc-d5481c6946cd,0
eb6da96a-fe29-4043-b853-54f93953bc1d,0
ba0d282b-b41d-43d9-8380-d053de55cebf,0
d9746e13-9a3e-4fdb-bd43-f7a2952f9c41,0
a5295982-7e12-4694-9dd8-c59d4c36d5a6,0
dad5519a-9f39-4cfa-bc86-82a0d06ce9ca,0
8d8a3cd0-6a4b-41ce-9825-bfaf1972632e,0
d7e6b2e8-afd3-46d0-93f5-aeb6f1cc5335,0
50705146-88d1-42ec-b819-72f8ce9bfc41,0
19373165-3998-4e5e-89ac-8504becc4ba1,0
59f55c4b-4a65-4df1-ad12-2126c7ac4e2e,0
2cbef50d-0b73-45be-aa83-14e6b7d17214,0
82397ad4-a71b-4df6-a49b-513c957e3f04,0
f48df68a-1903-471d-8197-97fae659bd29,0
1882525e-036b-4371-a1ae-2b3283b075d3,0
738d1ec2-6512-4ff1-8dd5-4079b8037250,0
584bb03e-ee2a-4f05-91e8-5bdad59dead0,0
7ee2c101-3089-4514-8184-d7314d8b77b9,0
5df92b6e-cbde-4994-a7c6-8a01a21d708e,0
b4943474-d2d8-4a92-ba8f-248bb1286373,0
4f6dd043-55c6-482b-b3b7-d71b96b8e9a2,0
9b4f2742-c7c3-4a8c-9f6e-9789cc7fb02c,0
c3474e23-112a-4c20-a7e8-c50d1fd3968a,0
19aa64df-61e3-47e0-a0d7-78b655d52746,0
3e7f293f-766d-4a4f-b4c3-6bca426b96ff,0
34b6a49c-0d8f-4850-8f03-8d5301d2c6da,0
b5d45c3f-bd90-4446-bab6-b087676a31b5,0
8c32df9d-3557-436e-8fc1-a29215801cdb,0
a9fdc927-d71c-4938-b461-909c723b5121,0
1c027f31-d9e9-4193-a3b1-5ea85f187b02,0
4e34f4dc-6ba7-4889-a203-b6ae72db1a3a,0
c483c9f6-f3e9-486d-afaa-873b96dcd58b,0
9a58bc7c-6eb0-401c-88c3-f1f2f3298c2c,0
188a6c6b-f4f7-493a-b4f8-ccf2566ce2bd,0
4d5c294f-7ac0-4ac1-9284-eef097f5378f,0
802db21a-11c1-4cc2-9e29-80f6ce0f1763,0
082d0f4d-2ac6-4b03-a588-b6d7baa81214,0
b954a837-b96e-4496-8c68-d9ee3686ced2,0
05e7c6b9-bfed-40da-be1f-271f9743f324,0
ebac5876-13ad-46a7-9f3e-f1f83db92297,0
1da6f563-8e63-48c2-b629-68dcac692d3f,0
c3db451a-7086-4b18-bfce-4b6e73f116a8,0
03ee286d-95be-4cff-9321-68961de569f7,0
ea4b1001-d0d9-4db0-84fd-026f0560f30a,0
00c2e520-5192-49c3-a4a8-6d285a7d775d,0
608ecc97-58e4-45b2-a59c-d258699ddea0,0
e1b7e1ad-c6d8-4af9-8885-36ac74aad0ea,0
d3a923c4-4a44-43d5-b088-dba1c72660a3,0
35ded7d6-ec28-4ed9-85e1-07ebea39e410,0
437c7c7a-c187-445a-a596-a6e46e401db7,0
da9907bf-d73a-4211-9b68-c26e328ea3b2,0
d88864c7-83ec-4c56-b75a-9cba2cd83eda,0
4c09388f-ada0-466b-8e03-6d6998f06f9b,0
04dc7ddb-e6e6-4ed6-85d0-04fbec70dc11,0
9e9665ee-e5c8-492b-922a-f693790baf1b,0
fe6f0f82-ed3d-42fb-9194-6868aa6d5deb,0
be052e4a-f9ee-4dac-b2a2-552e9ec2170d,0
8212157f-927b-47e5-a88e-673b16101dc6,0
55ba4e88-6534-49e8-96f9-ad5aea6ee20f,0
cc8a6c00-ab7b-4944-93c0-633b237cd76e,0
c4ee512c-4e0f-4b19-b439-f0ab04de40a2,0
5c77799b-b717-4456-ba4c-e9eb0417de2a,0
6975903b-0f95-4426-96e6-7b90a16a86b6,0
b57a163f-bb86-4a1e-86de-bffc63a23be6,0
0bcb3deb-0c8d-455e-af23-6d3fe4429409,0
2c50dcb1-285a-4ed1-9271-aaaf9bd170aa,0
efec3684-04dd-4a82-bd47-5ade2a67325a,0
bca5ee06-b1f0-45fd-b18c-2f16d29c50ec,0
be2f12b4-8809-4ffe-815c-7faa78f66db3,0
cf19c6f0-4079-4133-9ac3-1b5ce6cdd185,0
4ecd30e5-23a6-43b8-ad67-4d7323b1d170,0
620117bc-f06c-43fd-875b-17fe59cf6b8e,0
e11abd43-5db1-4e9d-96d9-f7bee6fcc314,0
d4b2dd6e-6cbf-4792-97c7-29e2d98ca7ed,0
aa53863b-6b84-4e21-9fbc-85f2a1a58d8f,0
ee56f28d-8841-4cf2-9e61-15ef7e7bf78e,0
bd3fe446-3d7f-4c27-922a-0afce9c71c13,0
fd06a4f7-35ed-434c-8802-6815b60e8bf1,0
bf8be0cb-3bb6-430d-b9cb-957adfb515ae,0
c461614f-126b-4602-b5cb-85db66a86592,0
523735d8-907b-45e4-b1ea-6f9156595c05,0
62da8cd6-e211-4861-8c92-f28827c1ae7b,0
6646115f-05a6-42a5-abf3-8587db452893,0
b0e0a1c0-9ada-4e27-82ce-e1af5b07906d,0
2e799335-abb9-4e02-86cf-d5482ed4f176,0
e611e389-722d-43f6-a30f-d8c971671935,0
fc57a41e-51a1-4d46-babc-3d7dd3f2a5d0,0
55e3614c-65f6-454c-8c2d-eaa07865b51a,0
d34b66bb-f5d3-4840-a99d-56bfcaa45240,0
6b373962-5be4-4d3d-bb43-2073b29df7c4,0
3ba84878-c0a2-4a86-925e-a34e16e3bc6b,0
3bc819b9-6052-4ccf-b782-fd18feb38d2d,0
b573d863-fd32-40c3-808e-6a9817e38296,0
a4ed2003-0c24-4f08-9d9f-b59359784ef5,0
c0fe46f5-7523-4eca-8cab-693313644170,0
823910dd-2f0e-46ef-9ee3-77efe28522ca,0
f952bf23-9115-4768-a9d4-516f79009a31,0
59e3b49d-71a6-4019-9a15-613ad8d39867,0
7e6abced-77d0-4b9c-bdb0-4a346c1f0e22,0
6fe68525-356e-4975-96d5-cc42cfb118a5,0
0550648a-c34e-421a-bf22-166665284549,0
d60429f7-c0a6-49ae-8620-b5b0f85138de,0
cecae49a-998b-4c04-b965-9ace3769a061,0
12304459-7ddf-486a-8163-c41e5efb5114,0
403f5c98-5919-43b9-a2de-5de36f859f09,0
c07b13c9-102d-4230-9a34-3f13c658f1db,0
a6e57993-a750-4466-bbb0-528e984185aa,0
6b9d80fc-cf44-421f-b29b-1ee164f3ba63,0
209f4802-212f-4bc8-866b-02cd789c47b3,0
2adadcd3-755d-436b-a091-56bddddcfcbc,0
f1f82228-b483-4ced-8a51-5bfeff39a6bd,0
23a81812-eada-417b-a3a7-96b4de710017,0
dbca5bd6-2ae6-4644-98a3-a5ae309bd28a,0
86ebbfc4-ffa6-4e99-86a4-a00cdbb930d7,0
4c972cbd-a6a3-4739-9edf-ec9128fb8491,0
a81205a9-b67c-4aa4-8e5b-e6f4454a27c9,0
be82c9ec-1d28-4df1-a55d-e3b6c2940f61,0
178556d4-0d0d-447c-8502-a5d4a11ada1f,0
0b3572c1-7809-4f5b-b7a6-5889e06d24b3,0
fa2936a1-f9a4-4275-a1f5-f54ec0ea3989,0
1b5018fc-2dfd-421e-845a-c2415b46a4f0,0
95ed86b0-b21c-4ec0-a249-a2e7b5e82533,0
be2aea0f-5959-46ae-8f56-c8f4dcc03d2c,0
15bfbca3-cca3-4bac-b8de-8ca677dfcc5f,0
d9e2090c-9705-4755-8423-e3044055679b,0
b1217d75-acca-4c5b-9d65-6c70f952d802,0
d190fceb-b94d-4eee-abdc-71b9355c9186,0
246e6aee-7231-4c4d-8732-7da4486e1a96,0
17a3528f-1aad-45ad-b19e-866f786b3435,0
b2657479-248d-4a4f-bde7-d3cdeb92c092,0
2693ef6f-7015-4cc1-9b3e-3bdeea53dfa3,0
e36127b3-8713-45af-846d-c144d78da2a4,0
c5d3ecc5-cbe5-49ab-bca1-2c9162fc2769,0
03a46c4e-4949-477b-97ea-f4f27991240e,0
bb5b3ba6-792c-4ccc-85ef-b823dafa98b9,0
aec5ad61-36ee-42db-9b8d-7024a31edcc1,0
c503e713-1b0c-4953-8f7f-2ab6cb6850d1,0
770b06ed-335b-4a51-bf5f-8c14e0d567e9,0
3ef53489-0485-4391-9d9e-f08bc10260f5,0
f0d112fe-f5f3-4056-aef5-122bc31d982a,0
6d2bd3e7-a492-4bb5-b74c-221d45aaecc4,0
34bc5f4f-f314-4db2-bfc9-bf4ab247a287,0
334e5cd8-5204-4218-8903-db8dc2bf844a,0
fde929af-8cec-4d7f-86f6-020d403b3736,0
4bdf26e1-f4c0-4996-8d7e-20cd49663fe5,0
85dd0458-a165-470d-9897-c50960f2bf20,0
5ec6882a-d622-4ac4-bca3-c10f51a8677e,0
fc0a91cd-dcbc-44df-9671-e3bd9a9d36af,0
9688769a-8d9f-401c-822a-5f6e1ff79dc1,0
687aa9f5-d08a-402c-8cec-8fab941a21be,0
7e125394-f686-4c92-be21-46e4e2f85de1,0
6f6a39fe-c8ef-40a0-8704-9568293b5531,0
16ffe721-4d92-49cf-8e9e-3c72c7dadd66,0
893e1898-26c7-47ed-a107-650e0b5d7586,0
ee6378ed-86f3-4e0f-9481-db9d46109d88,0
780289d7-5afe-4f81-86fb-178a113e62af,0
a5766406-5c5c-480e-abeb-abd06bc3ec4a,0
7835cdbe-fe11-4c49-89ab-90eb77e5449e,0
afda88af-677f-44d8-baf0-d2a3f050e300,0
6f3149e2-ddb7-4370-abee-c0944a187c01,0
79bfc98d-af11-4fe5-aa22-6432dfd05407,0
b8524988-773f-4c0e-a099-c58d16de30fd,0
bbbb7889-39c4-4f2e-998a-df70b2ec4fe2,0
bf258079-7b3a-4818-a7bf-6439b954147b,0
abd3961f-abb2-4364-960b-85419d60ae6d,0
20a4523c-11bf-4e68-a983-93ee2906591d,0
fd33545b-3b09-49d8-bff2-fe4f1932c9c9,0
d41874fc-8d07-472a-bbc6-b514fd790353,0
4d9c4949-fd55-4a23-b87b-f9c9e691eb13,0
e99b768a-8cf3-4457-bc1f-ee361e28acae,0
da6e9c78-98c2-4efe-a27b-00e0af05dac5,0
a4da2def-7eee-4a4c-988e-2b2ce9cfaaeb,0
73e5de54-9e12-42de-a092-28a4d8ae270f,0
bd7dcb91-ab09-4b42-b0c0-1c03156959e4,0
fc9db9b3-24fc-4c1b-8d89-94a5e3ef925d,0
699a2bee-3540-46d6-b385-2ae14946d972,0
96f2cf1a-5362-4666-b44c-4a4ce2321098,0
ca4983d6-2b64-494a-8b17-96530cd8d495,0
b0596848-e89f-43ed-b5b1-fc7088d897ff,0
e98d8b38-af83-4baa-bcd8-a6a569857bca,0
8ab02bca-fa6e-4b38-9729-a9226632319b,0
